date,prs,total_difficulty,avg_difficulty
2025-04-23,0,0,0
2025-04-24,0,0,0
2025-04-25,4,31,7.75
2025-04-26,1,7,7.0
2025-04-27,1,10,10.0
2025-04-28,4,15,3.75
2025-04-29,1,7,7.0
2025-04-30,0,0,0
2025-05-01,0,0,0
2025-05-02,1,3,3.0
2025-05-03,3,20,6.67
2025-05-04,0,0,0
2025-05-05,0,0,0
2025-05-06,2,12,6.0
2025-05-07,1,10,10.0
2025-05-08,1,8,8.0
2025-05-09,0,0,0
2025-05-10,0,0,0
2025-05-11,0,0,0
2025-05-12,0,0,0
2025-05-13,1,10,10.0
2025-05-14,0,0,0
2025-05-15,1,2,2.0
2025-05-16,0,0,0
2025-05-17,1,1,1.0
2025-05-18,0,0,0
2025-05-19,0,0,0
2025-05-20,1,5,5.0
2025-05-21,0,0,0
2025-05-22,0,0,0
2025-05-23,0,0,0
2025-05-24,0,0,0
2025-05-25,0,0,0
2025-05-26,0,0,0
2025-05-27,0,0,0
2025-05-28,0,0,0
2025-05-29,0,0,0
2025-05-30,0,0,0
2025-05-31,0,0,0
2025-06-01,0,0,0
2025-06-02,0,0,0
2025-06-03,1,8,8.0
2025-06-04,1,10,10.0
2025-06-05,1,2,2.0
2025-06-06,0,0,0
2025-06-07,0,0,0
2025-06-08,0,0,0
2025-06-09,0,0,0
2025-06-10,0,0,0
2025-06-11,2,4,2.0
2025-06-12,3,12,4.0
2025-06-13,5,21,4.2
2025-06-14,0,0,0
2025-06-15,0,0,0
2025-06-16,2,10,5.0
2025-06-17,0,0,0
2025-06-18,1,4,4.0
2025-06-19,15,45,3.0
2025-06-20,0,0,0
2025-06-21,0,0,0
2025-06-22,0,0,0
2025-06-23,6,27,4.5
2025-06-24,6,25,4.17
2025-06-25,2,9,4.5
2025-06-26,8,18,2.25
2025-06-27,8,27,3.38
2025-06-28,1,4,4.0
2025-06-29,0,0,0
2025-06-30,2,6,3.0
2025-07-01,4,11,2.75
2025-07-02,6,19,3.17
2025-07-03,7,24,3.43
2025-07-04,0,0,0
2025-07-05,0,0,0
2025-07-06,0,0,0
2025-07-07,0,0,0
2025-07-08,0,0,0
2025-07-09,0,0,0
2025-07-10,2,13,6.5
2025-07-11,2,6,3.0
2025-07-12,0,0,0
2025-07-13,0,0,0
2025-07-14,4,9,2.25
2025-07-15,2,3,1.5
2025-07-16,0,0,0
2025-07-17,0,0,0
2025-07-18,0,0,0
2025-07-19,0,0,0
2025-07-20,0,0,0
2025-07-21,0,0,0
2025-07-22,0,0,0
2025-07-23,0,0,0
2025-07-24,0,0,0
2025-07-25,0,0,0
2025-07-26,0,0,0
2025-07-27,0,0,0
2025-07-28,0,0,0
2025-07-29,1,2,2.0
2025-07-30,0,0,0
2025-07-31,2,6,3.0
2025-08-01,3,8,2.67
2025-08-02,0,0,0
2025-08-03,0,0,0
2025-08-04,2,4,2.0
2025-08-05,3,11,3.67
2025-08-06,1,8,8.0
2025-08-07,1,2,2.0
2025-08-08,3,16,5.33
2025-08-09,0,0,0
2025-08-10,0,0,0
2025-08-11,1,8,8.0
2025-08-12,0,0,0
2025-08-13,3,6,2.0
2025-08-14,2,2,1.0
2025-08-15,3,13,4.33
2025-08-16,0,0,0
2025-08-17,1,3,3.0
2025-08-18,2,6,3.0
2025-08-19,5,12,2.4
2025-08-20,3,5,1.67
2025-08-21,4,16,4.0
2025-08-22,5,12,2.4
2025-08-23,0,0,0
2025-08-24,0,0,0
2025-08-25,1,6,6.0
2025-08-26,8,27,3.38
2025-08-27,8,27,3.38
2025-08-28,2,3,1.5
2025-08-29,2,13,6.5
2025-08-30,0,0,0
2025-08-31,0,0,0
2025-09-01,6,23,3.83
2025-09-02,6,30,5.0
2025-09-03,1,5,5.0
2025-09-04,2,10,5.0
2025-09-05,1,9,9.0
2025-09-06,0,0,0
2025-09-07,1,3,3.0
2025-09-08,5,15,3.0
2025-09-09,8,23,2.88
2025-09-10,8,24,3.0
2025-09-11,1,3,3.0
2025-09-12,7,36,5.14
2025-09-13,3,13,4.33
2025-09-14,0,0,0
2025-09-15,3,9,3.0
2025-09-16,6,20,3.33
2025-09-17,8,32,4.0
2025-09-18,7,18,2.57
2025-09-19,4,31,7.75
2025-09-20,0,0,0
2025-09-21,0,0,0
2025-09-22,2,8,4.0
2025-09-23,6,20,3.33
2025-09-24,3,9,3.0
2025-09-25,4,26,6.5
2025-09-26,2,3,1.5
2025-09-27,0,0,0
2025-09-28,0,0,0
2025-09-29,2,11,5.5
2025-09-30,3,13,4.33
2025-10-01,2,13,6.5
2025-10-02,5,30,6.0
2025-10-03,2,11,5.5
2025-10-04,0,0,0
2025-10-05,0,0,0
2025-10-06,4,17,4.25
2025-10-07,7,26,3.71
2025-10-08,2,4,2.0
2025-10-09,5,23,4.6
2025-10-10,0,0,0
2025-10-11,0,0,0
2025-10-12,0,0,0
2025-10-13,5,18,3.6
2025-10-14,0,0,0
2025-10-15,3,15,5.0
2025-10-16,2,16,8.0
2025-10-17,5,29,5.8
2025-10-18,0,0,0
2025-10-19,0,0,0
2025-10-20,1,1,1.0
2025-10-21,0,0,0
2025-10-22,1,9,9.0
2025-10-23,3,8,2.67
2025-10-24,2,13,6.5
2025-10-25,0,0,0
2025-10-26,0,0,0
2025-10-27,1,3,3.0
2025-10-28,5,22,4.4
2025-10-29,2,7,3.5
2025-10-30,1,6,6.0
2025-10-31,4,28,7.0
2025-11-01,1,10,10.0
2025-11-02,1,10,10.0
2025-11-03,7,39,5.57
2025-11-04,5,23,4.6
2025-11-05,2,9,4.5
2025-11-06,3,12,4.0
2025-11-07,8,38,4.75
2025-11-08,0,0,0
2025-11-09,0,0,0
2025-11-10,8,38,4.75
2025-11-11,5,16,3.2
2025-11-12,7,23,3.29
2025-11-13,8,35,4.38
2025-11-14,0,0,0
2025-11-15,0,0,0
2025-11-16,1,5,5.0
2025-11-17,4,15,3.75
2025-11-18,4,17,4.25
2025-11-19,7,41,5.86
2025-11-20,9,37,4.11
2025-11-21,7,35,5.0
2025-11-22,1,10,10.0
2025-11-23,1,2,2.0
2025-11-24,4,10,2.5
2025-11-25,12,62,5.17
2025-11-26,5,23,4.6
2025-11-27,4,12,3.0
2025-11-28,5,25,5.0
2025-11-29,0,0,0
2025-11-30,0,0,0
2025-12-01,1,5,5.0
2025-12-02,0,0,0
2025-12-03,1,8,8.0
2025-12-04,3,20,6.67
2025-12-05,6,22,3.67
2025-12-06,0,0,0
2025-12-07,0,0,0
2025-12-08,0,0,0
2025-12-09,7,42,6.0
2025-12-10,4,23,5.75
2025-12-11,4,21,5.25
2025-12-12,2,11,5.5
2025-12-13,0,0,0
2025-12-14,0,0,0
2025-12-15,3,17,5.67
2025-12-16,5,9,1.8
2025-12-17,2,9,4.5
2025-12-18,0,0,0
2025-12-19,2,9,4.5
2025-12-20,0,0,0
2025-12-21,0,0,0
2025-12-22,0,0,0
2025-12-23,0,0,0
2025-12-24,0,0,0
2025-12-25,0,0,0
2025-12-26,0,0,0
2025-12-27,0,0,0
2025-12-28,0,0,0
2025-12-29,0,0,0
2025-12-30,0,0,0
2025-12-31,0,0,0
2026-01-01,0,0,0
2026-01-02,0,0,0
2026-01-03,0,0,0
2026-01-04,0,0,0
2026-01-05,0,0,0
2026-01-06,0,0,0
2026-01-07,1,10,10.0
2026-01-08,1,4,4.0
2026-01-09,1,10,10.0
2026-01-10,0,0,0
2026-01-11,0,0,0
2026-01-12,0,0,0
2026-01-13,4,34,8.5
2026-01-14,2,13,6.5
2026-01-15,2,17,8.5
2026-01-16,3,20,6.67
2026-01-17,0,0,0
2026-01-18,0,0,0
2026-01-19,3,22,7.33
2026-01-20,5,28,5.6
2026-01-21,2,13,6.5
2026-01-22,8,36,4.5
2026-01-23,2,12,6.0
2026-01-24,0,0,0
2026-01-25,0,0,0
2026-01-26,6,37,6.17
2026-01-27,0,0,0
2026-01-28,4,31,7.75
2026-01-29,3,13,4.33
2026-01-30,3,17,5.67
2026-01-31,0,0,0
2026-02-01,0,0,0
2026-02-02,4,22,5.5
2026-02-03,13,58,4.46
2026-02-04,15,60,4.0
2026-02-05,22,63,2.86
2026-02-06,25,76,3.04
2026-02-07,1,1,1.0
2026-02-08,0,0,0
2026-02-09,15,39,2.6
2026-02-10,4,16,4.0
2026-02-11,1,4,4.0
2026-02-12,7,31,4.43
2026-02-13,1,8,8.0
2026-02-14,0,0,0
2026-02-15,0,0,0
2026-02-16,12,43,3.58
2026-02-17,13,40,3.08
2026-02-18,0,0,0
2026-02-19,3,16,5.33
2026-02-20,9,44,4.89
2026-02-21,0,0,0
2026-02-22,0,0,0
2026-02-23,7,30,4.29
2026-02-24,12,40,3.33
2026-02-25,3,25,8.33
2026-02-26,2,16,8.0
2026-02-27,4,18,4.5
2026-02-28,0,0,0
2026-03-01,0,0,0
2026-03-02,4,22,5.5
2026-03-03,5,33,6.6
2026-03-04,2,9,4.5
2026-03-05,4,17,4.25
2026-03-06,6,33,5.5
2026-03-07,0,0,0
2026-03-08,0,0,0
2026-03-09,3,11,3.67
2026-03-10,16,61,3.81
2026-03-11,6,30,5.0
2026-03-12,6,29,4.83
2026-03-13,4,27,6.75
2026-03-14,0,0,0
2026-03-15,0,0,0
2026-03-16,10,32,3.2
2026-03-17,9,37,4.11
2026-03-18,8,41,5.12
2026-03-19,6,41,6.83
2026-03-20,6,22,3.67
2026-03-21,0,0,0
2026-03-22,1,8,8.0
2026-03-23,5,25,5.0
2026-03-24,6,33,5.5
2026-03-25,6,25,4.17
2026-03-26,3,15,5.0
2026-03-27,9,39,4.33
2026-03-28,0,0,0
2026-03-29,0,0,0
2026-03-30,12,51,4.25
2026-03-31,18,54,3.0
2026-04-01,14,57,4.07
2026-04-02,7,30,4.29
2026-04-03,0,0,0
2026-04-04,0,0,0
2026-04-05,0,0,0
2026-04-06,0,0,0
2026-04-07,3,18,6.0
2026-04-08,2,8,4.0
2026-04-09,10,38,3.8
2026-04-10,17,57,3.35
2026-04-11,0,0,0
2026-04-12,0,0,0
2026-04-13,6,23,3.83
2026-04-14,8,23,2.88
2026-04-15,12,46,3.83
2026-04-16,7,29,4.14
2026-04-17,2,9,4.5
2026-04-18,0,0,0
2026-04-19,0,0,0
2026-04-20,2,12,6.0
2026-04-21,3,10,3.33
2026-04-22,2,16,8.0
2026-04-23,2,16,5.33
